dataset,llavor,model,accuracy,balanced
Telco,0,KNN,0.7687203791469195,0.6798946822111672
Telco,0,LogReg,0.8004739336492891,0.7100486887636093
Telco,0,Tree,0.7331753554502369,0.6585278985119489
Telco,1,KNN,0.7729857819905214,0.681094352172467
Telco,1,LogReg,0.804739336492891,0.7231863694477145
Telco,1,Tree,0.7218009478672985,0.6462331513977737
Telco,2,KNN,0.7663507109004739,0.6771437843286854
Telco,2,LogReg,0.7976303317535545,0.7126597689959252
Telco,2,Tree,0.7402843601895734,0.6622327785507066
Telco,3,KNN,0.7582938388625592,0.6744987566010617
Telco,3,LogReg,0.7909952606635071,0.7058668176467136
Telco,3,Tree,0.7450236966824645,0.6717139112232722
Telco,4,KNN,0.7654028436018957,0.6827514502485071
Telco,4,LogReg,0.7981042654028436,0.7129825578919872
Telco,4,Tree,0.7317535545023697,0.6535801949161612
Telco,5,KNN,0.7668246445497631,0.6729187596160596
Telco,5,LogReg,0.7848341232227488,0.6903010279761884
Telco,5,Tree,0.7274881516587678,0.6518120482537754
Telco,6,KNN,0.7663507109004739,0.687376364948233
Telco,6,LogReg,0.8080568720379147,0.7197611247092887
Telco,6,Tree,0.7445497630331753,0.673665029131554
Telco,7,KNN,0.7720379146919432,0.6867020180922889
Telco,7,LogReg,0.8009478672985783,0.7137823378661869
Telco,7,Tree,0.7483412322274882,0.6819321073109096
Telco,8,KNN,0.7644549763033175,0.6804004423531254
Telco,8,LogReg,0.7928909952606635,0.7048840664266176
Telco,8,Tree,0.7450236966824645,0.674556294728702
Telco,9,KNN,0.7654028436018957,0.6827514502485071
Telco,9,LogReg,0.7976303317535545,0.716639105903527
Telco,9,Tree,0.7246445497630332,0.6669296159099828
Telco,10,KNN,0.771090047393365,0.6798031965882192
Telco,10,LogReg,0.79478672985782,0.7010589317010918
Telco,10,Tree,0.7279620853080568,0.6509978837476654
Telco,11,KNN,0.7658767772511849,0.6728416585250216
Telco,11,LogReg,0.7995260663507109,0.7122454944769152
Telco,11,Tree,0.728436018957346,0.6535945794480713
Telco,12,KNN,0.7635071090047393,0.6797548645610013
Telco,12,LogReg,0.8023696682464455,0.7175930880598028
Telco,12,Tree,0.7246445497630332,0.6527176983828333
Telco,13,KNN,0.7635071090047393,0.6837342014686032
Telco,13,LogReg,0.8052132701421801,0.7200982981372607
Telco,13,Tree,0.7161137440758294,0.6400857778406861
Telco,14,KNN,0.7672985781990521,0.6806317456262392
Telco,14,LogReg,0.8118483412322275,0.7297336329919021
Telco,14,Tree,0.7255924170616114,0.6545002295771293
Telco,15,KNN,0.7535545023696683,0.6729762977436998
Telco,15,LogReg,0.8,0.7091574231664612
Telco,15,Tree,0.7293838862559242,0.6536716805391093
Telco,16,KNN,0.761611374407583,0.6716419885637217
Telco,16,LogReg,0.8075829383886256,0.7268285329273443
Telco,16,Tree,0.7203791469194313,0.6475386915139317
Telco,17,KNN,0.7691943127962085,0.7001141556452384
Telco,17,LogReg,0.8004739336492891,0.7242606062907586
Telco,17,Tree,0.728436018957346,0.6547315328502432
Telco,18,KNN,0.7696682464454976,0.6822456901065491
Telco,18,LogReg,0.8085308056872038,0.7360012612357578
Telco,18,Tree,0.7255924170616114,0.6635958567945048
Telco,19,KNN,0.7540284360189573,0.6789838536506216
Telco,19,LogReg,0.8075829383886256,0.733650253340376
Telco,19,Tree,0.7208530805687203,0.6552516775241113
Telco,20,KNN,0.75260663507109,0.6689198597450601
Telco,20,LogReg,0.8014218009478673,0.7209268471752808
Telco,20,Tree,0.7398104265402844,0.6727110469752782
Telco,21,KNN,0.7469194312796209,0.6622040094868865
Telco,21,LogReg,0.7981042654028436,0.7135510345930731
Telco,21,Tree,0.7308056872037915,0.6586193841348971
Telco,22,KNN,0.7568720379146919,0.6661401927987581
Telco,22,LogReg,0.8037914691943128,0.7106027809327851
Telco,22,Tree,0.7417061611374408,0.6626326685378066
Telco,23,KNN,0.7691943127962085,0.6802174711072292
Telco,23,LogReg,0.8009478672985783,0.7029812805455535
Telco,23,Tree,0.7345971563981043,0.6617701720044787
Telco,24,KNN,0.7568720379146919,0.6763727734183056
Telco,24,LogReg,0.7886255924170616,0.7082322100740055
Telco,24,Tree,0.7255924170616114,0.6562056596803872
Telco,25,KNN,0.762085308056872,0.6804919279760733
Telco,25,LogReg,0.8090047393364929,0.7300708064198742
Telco,25,Tree,0.7355450236966825,0.654457075981399
Telco,26,KNN,0.776303317535545,0.6918810249611905
Telco,26,LogReg,0.8080568720379147,0.7226035082147185
Telco,26,Tree,0.7274881516587678,0.6586337686668071
Telco,27,KNN,0.752132701421801,0.6765557446642017
Telco,27,LogReg,0.7900473933649289,0.7018103796480738
Telco,27,Tree,0.738388625592417,0.6677633433794905
Telco,28,KNN,0.7554502369668247,0.6685826863170881
Telco,28,LogReg,0.8037914691943128,0.7219723149545045
Telco,28,Tree,0.7303317535545024,0.6628444088475227
Telco,29,KNN,0.7625592417061612,0.6745614731601896
Telco,29,LogReg,0.8042654028436019,0.712630999932105
Telco,29,Tree,0.718957345971564,0.6397486044127141
Telco,30,KNN,0.7649289099526067,0.6721960807328977
Telco,30,LogReg,0.8009478672985783,0.7041182339477254
Telco,30,Tree,0.7369668246445498,0.6616786863815307
Telco,31,KNN,0.75260663507109,0.6757415801580917
Telco,31,LogReg,0.7838862559241706,0.7015934609068699
Telco,31,Tree,0.7265402843601896,0.659693620977941
Telco,32,KNN,0.771563981042654,0.6852422757940548
Telco,32,LogReg,0.8023696682464455,0.7153191812554589
Telco,32,Tree,0.7398104265402844,0.6613415129535587
Telco,33,KNN,0.7601895734597156,0.6837485860005132
Telco,33,LogReg,0.8104265402843602,0.7333130799124039
Telco,33,Tree,0.737914691943128,0.6668720777823425
Telco,34,KNN,0.7654028436018957,0.6776351599387334
Telco,34,LogReg,0.8066350710900474,0.7182242813200167
Telco,34,Tree,0.7317535545023697,0.657559531823763
Telco,35,KNN,0.7734597156398104,0.6922181983891625
Telco,35,LogReg,0.8052132701421801,0.7144135311264009
Telco,35,Tree,0.723696682464455,0.6446819234765917
Telco,36,KNN,0.7720379146919432,0.6963661220107504
Telco,36,LogReg,0.8080568720379147,0.7282882752255783
Telco,36,Tree,0.7364928909952607,0.6749993383115321
Telco,37,KNN,0.7682464454976303,0.6824142768205351
Telco,37,LogReg,0.7981042654028436,0.715824941397417
Telco,37,Tree,0.7265402843601896,0.6545773306681673
Telco,38,KNN,0.7549763033175355,0.6733761877307998
Telco,38,LogReg,0.7919431279620853,0.7093547789442674
Telco,38,Tree,0.7222748815165877,0.6562200442122973
Telco,39,KNN,0.7578199052132701,0.6662172938897961
Telco,39,LogReg,0.8042654028436019,0.7183157669429647
Telco,39,Tree,0.7246445497630332,0.6504437915784895
Telco,40,KNN,0.7734597156398104,0.6922181983891625
Telco,40,LogReg,0.8113744075829384,0.731684750900184
Telco,40,Tree,0.7265402843601896,0.6722001084018325
Telco,41,KNN,0.7639810426540284,0.6800776534570633
Telco,41,LogReg,0.8137440758293839,0.7372780322880956
Telco,41,Tree,0.7218009478672985,0.6445277212945157
Telco,42,KNN,0.7492890995260664,0.6615440471628524
Telco,42,LogReg,0.7971563981042654,0.7157478403063791
Telco,42,Tree,0.7246445497630332,0.6481698847741456
Telco,43,KNN,0.7663507109004739,0.686807888247147
Telco,43,LogReg,0.8028436018957346,0.7247375973688965
Telco,43,Tree,0.728909952606635,0.6686977625723687
Telco,44,KNN,0.7758293838862559,0.681325655445581
Telco,44,LogReg,0.8066350710900474,0.7148134211135009
Telco,44,Tree,0.7222748815165877,0.6414396499840619
Telco,45,KNN,0.7601895734597156,0.6706736218755358
Telco,45,LogReg,0.804739336492891,0.7157961723335968
Telco,45,Tree,0.7227488151658767,0.6457417757877257
Telco,46,KNN,0.771090047393365,0.6792347198871332
Telco,46,LogReg,0.8023696682464455,0.7198669948641467
Telco,46,Tree,0.7350710900473933,0.6552712404875091
Telco,47,KNN,0.7563981042654029,0.6737760777178998
Telco,47,LogReg,0.7962085308056872,0.7133968324109972
Telco,47,Tree,0.7317535545023697,0.6638127755357087
Telco,48,KNN,0.7502369668246446,0.6650320084604063
Telco,48,LogReg,0.7895734597156399,0.7077408344639575
Telco,48,Tree,0.7194312796208531,0.6440507302163779
Telco,49,KNN,0.762085308056872,0.6748071609652135
Telco,49,LogReg,0.8004739336492891,0.715733455774469
Telco,49,Tree,0.747867298578199,0.6827462718170196
Iris,0,KNN,0.9777777777777777,0.9777777777777779
Iris,0,LogReg,0.8888888888888888,0.888888888888889
Iris,0,Tree,0.9777777777777777,0.9777777777777779
Iris,1,KNN,0.9777777777777777,0.9777777777777779
Iris,1,LogReg,0.9333333333333333,0.9333333333333332
Iris,1,Tree,0.9777777777777777,0.9777777777777779
Iris,2,KNN,0.9777777777777777,0.9777777777777779
Iris,2,LogReg,1.0,1.0
Iris,2,Tree,0.9777777777777777,0.9777777777777779
Iris,3,KNN,0.9555555555555556,0.9555555555555556
Iris,3,LogReg,0.8666666666666667,0.8666666666666667
Iris,3,Tree,0.9333333333333333,0.9333333333333332
Iris,4,KNN,0.9777777777777777,0.9777777777777779
Iris,4,LogReg,0.9111111111111111,0.9111111111111111
Iris,4,Tree,0.9777777777777777,0.9777777777777779
Iris,5,KNN,0.9111111111111111,0.9111111111111111
Iris,5,LogReg,0.9333333333333333,0.9333333333333332
Iris,5,Tree,0.9555555555555556,0.9555555555555556
Iris,6,KNN,0.9333333333333333,0.9333333333333332
Iris,6,LogReg,0.9111111111111111,0.9111111111111111
Iris,6,Tree,0.9111111111111111,0.9111111111111111
Iris,7,KNN,0.9555555555555556,0.9555555555555556
Iris,7,LogReg,0.8888888888888888,0.888888888888889
Iris,7,Tree,0.9333333333333333,0.9333333333333332
Iris,8,KNN,0.8666666666666667,0.8666666666666667
Iris,8,LogReg,0.8222222222222222,0.8222222222222223
Iris,8,Tree,0.9111111111111111,0.9111111111111111
Iris,9,KNN,0.9555555555555556,0.9555555555555556
Iris,9,LogReg,0.8444444444444444,0.8444444444444444
Iris,9,Tree,0.8888888888888888,0.8888888888888888
Iris,10,KNN,1.0,1.0
Iris,10,LogReg,0.9777777777777777,0.9777777777777779
Iris,10,Tree,0.9777777777777777,0.9777777777777779
Iris,11,KNN,0.9777777777777777,0.9777777777777779
Iris,11,LogReg,0.9777777777777777,0.9777777777777779
Iris,11,Tree,0.9777777777777777,0.9777777777777779
Iris,12,KNN,0.9777777777777777,0.9777777777777779
Iris,12,LogReg,0.9333333333333333,0.9333333333333332
Iris,12,Tree,0.9777777777777777,0.9777777777777779
Iris,13,KNN,1.0,1.0
Iris,13,LogReg,0.9111111111111111,0.9111111111111111
Iris,13,Tree,0.9777777777777777,0.9777777777777779
Iris,14,KNN,0.9555555555555556,0.9555555555555556
Iris,14,LogReg,0.9555555555555556,0.9555555555555556
Iris,14,Tree,0.9111111111111111,0.9111111111111111
Iris,15,KNN,0.9111111111111111,0.9111111111111111
Iris,15,LogReg,0.9111111111111111,0.9111111111111111
Iris,15,Tree,0.9333333333333333,0.9333333333333332
Iris,16,KNN,0.9777777777777777,0.9777777777777779
Iris,16,LogReg,0.9555555555555556,0.9555555555555556
Iris,16,Tree,1.0,1.0
Iris,17,KNN,0.9555555555555556,0.9555555555555556
Iris,17,LogReg,0.8222222222222222,0.8222222222222223
Iris,17,Tree,0.9333333333333333,0.9333333333333332
Iris,18,KNN,0.9777777777777777,0.9777777777777779
Iris,18,LogReg,0.9555555555555556,0.9555555555555556
Iris,18,Tree,0.9555555555555556,0.9555555555555556
Iris,19,KNN,1.0,1.0
Iris,19,LogReg,0.9333333333333333,0.9333333333333332
Iris,19,Tree,0.9777777777777777,0.9777777777777779
Iris,20,KNN,0.9777777777777777,0.9777777777777779
Iris,20,LogReg,0.9777777777777777,0.9777777777777779
Iris,20,Tree,0.9777777777777777,0.9777777777777779
Iris,21,KNN,0.9777777777777777,0.9777777777777779
Iris,21,LogReg,0.9555555555555556,0.9555555555555556
Iris,21,Tree,0.9777777777777777,0.9777777777777779
Iris,22,KNN,0.9333333333333333,0.9333333333333332
Iris,22,LogReg,0.8888888888888888,0.888888888888889
Iris,22,Tree,0.9333333333333333,0.9333333333333332
Iris,23,KNN,0.9555555555555556,0.9555555555555556
Iris,23,LogReg,0.9333333333333333,0.9333333333333332
Iris,23,Tree,0.9777777777777777,0.9777777777777779
Iris,24,KNN,1.0,1.0
Iris,24,LogReg,0.9111111111111111,0.9111111111111111
Iris,24,Tree,0.9333333333333333,0.9333333333333332
Iris,25,KNN,0.9333333333333333,0.9333333333333332
Iris,25,LogReg,0.9333333333333333,0.9333333333333332
Iris,25,Tree,0.9333333333333333,0.9333333333333332
Iris,26,KNN,0.9777777777777777,0.9777777777777779
Iris,26,LogReg,0.9333333333333333,0.9333333333333332
Iris,26,Tree,0.9555555555555556,0.9555555555555556
Iris,27,KNN,0.9333333333333333,0.9333333333333332
Iris,27,LogReg,0.8888888888888888,0.888888888888889
Iris,27,Tree,0.9333333333333333,0.9333333333333332
Iris,28,KNN,0.9333333333333333,0.9333333333333332
Iris,28,LogReg,0.9111111111111111,0.9111111111111111
Iris,28,Tree,0.9333333333333333,0.9333333333333332
Iris,29,KNN,0.9555555555555556,0.9555555555555556
Iris,29,LogReg,0.9111111111111111,0.9111111111111111
Iris,29,Tree,0.9555555555555556,0.9555555555555556
Iris,30,KNN,0.9111111111111111,0.9111111111111111
Iris,30,LogReg,0.9111111111111111,0.9111111111111111
Iris,30,Tree,0.9555555555555556,0.9555555555555556
Iris,31,KNN,0.9111111111111111,0.9111111111111111
Iris,31,LogReg,0.8666666666666667,0.8666666666666667
Iris,31,Tree,0.9111111111111111,0.9111111111111111
Iris,32,KNN,0.9777777777777777,0.9777777777777779
Iris,32,LogReg,0.9777777777777777,0.9777777777777779
Iris,32,Tree,0.9777777777777777,0.9777777777777779
Iris,33,KNN,0.9333333333333333,0.9333333333333332
Iris,33,LogReg,0.9111111111111111,0.9111111111111111
Iris,33,Tree,0.9555555555555556,0.9555555555555556
Iris,34,KNN,0.9777777777777777,0.9777777777777779
Iris,34,LogReg,0.8888888888888888,0.888888888888889
Iris,34,Tree,0.9555555555555556,0.9555555555555556
Iris,35,KNN,0.9555555555555556,0.9555555555555556
Iris,35,LogReg,0.8888888888888888,0.888888888888889
Iris,35,Tree,0.9333333333333333,0.9333333333333332
Iris,36,KNN,0.9555555555555556,0.9555555555555556
Iris,36,LogReg,0.9333333333333333,0.9333333333333332
Iris,36,Tree,0.9777777777777777,0.9777777777777779
Iris,37,KNN,0.9777777777777777,0.9777777777777779
Iris,37,LogReg,0.8888888888888888,0.888888888888889
Iris,37,Tree,0.9555555555555556,0.9555555555555556
Iris,38,KNN,0.9777777777777777,0.9777777777777779
Iris,38,LogReg,0.9333333333333333,0.9333333333333332
Iris,38,Tree,0.9777777777777777,0.9777777777777779
Iris,39,KNN,0.9555555555555556,0.9555555555555556
Iris,39,LogReg,0.8888888888888888,0.888888888888889
Iris,39,Tree,0.9777777777777777,0.9777777777777779
Iris,40,KNN,0.9555555555555556,0.9555555555555556
Iris,40,LogReg,0.8888888888888888,0.888888888888889
Iris,40,Tree,0.9777777777777777,0.9777777777777779
Iris,41,KNN,0.9111111111111111,0.9111111111111111
Iris,41,LogReg,0.9111111111111111,0.9111111111111111
Iris,41,Tree,0.9111111111111111,0.9111111111111111
Iris,42,KNN,0.9333333333333333,0.9333333333333332
Iris,42,LogReg,0.8666666666666667,0.8666666666666667
Iris,42,Tree,0.9333333333333333,0.9333333333333332
Iris,43,KNN,0.9777777777777777,0.9777777777777779
Iris,43,LogReg,0.9111111111111111,0.9111111111111111
Iris,43,Tree,0.9777777777777777,0.9777777777777779
Iris,44,KNN,0.9555555555555556,0.9555555555555556
Iris,44,LogReg,0.9333333333333333,0.9333333333333332
Iris,44,Tree,0.9555555555555556,0.9555555555555556
Iris,45,KNN,0.9333333333333333,0.9333333333333332
Iris,45,LogReg,0.8888888888888888,0.888888888888889
Iris,45,Tree,0.9111111111111111,0.9111111111111111
Iris,46,KNN,0.9333333333333333,0.9333333333333332
Iris,46,LogReg,0.8666666666666667,0.8666666666666667
Iris,46,Tree,0.9111111111111111,0.9111111111111111
Iris,47,KNN,0.9111111111111111,0.9111111111111111
Iris,47,LogReg,0.8888888888888888,0.888888888888889
Iris,47,Tree,0.9555555555555556,0.9555555555555556
Iris,48,KNN,0.9777777777777777,0.9777777777777779
Iris,48,LogReg,0.8888888888888888,0.888888888888889
Iris,48,Tree,0.9555555555555556,0.9555555555555556
Iris,49,KNN,0.9555555555555556,0.9555555555555556
Iris,49,LogReg,0.9333333333333333,0.9333333333333332
Iris,49,Tree,0.8888888888888888,0.888888888888889
Wine,0,KNN,0.9629629629629629,0.9682539682539683
Wine,0,LogReg,1.0,1.0
Wine,0,Tree,0.9444444444444444,0.9407407407407407
Wine,1,KNN,0.9259259259259259,0.9365079365079364
Wine,1,LogReg,1.0,1.0
Wine,1,Tree,0.9444444444444444,0.9497354497354498
Wine,2,KNN,0.9629629629629629,0.9682539682539683
Wine,2,LogReg,1.0,1.0
Wine,2,Tree,0.9444444444444444,0.9497354497354498
Wine,3,KNN,0.9629629629629629,0.9682539682539683
Wine,3,LogReg,1.0,1.0
Wine,3,Tree,0.9074074074074074,0.9100529100529101
Wine,4,KNN,0.9814814814814815,0.9841269841269842
Wine,4,LogReg,1.0,1.0
Wine,4,Tree,0.9629629629629629,0.9682539682539683
Wine,5,KNN,0.9629629629629629,0.9682539682539683
Wine,5,LogReg,0.9629629629629629,0.9682539682539683
Wine,5,Tree,0.8888888888888888,0.8920634920634921
Wine,6,KNN,0.9629629629629629,0.9682539682539683
Wine,6,LogReg,0.9814814814814815,0.9841269841269842
Wine,6,Tree,0.9074074074074074,0.9079365079365079
Wine,7,KNN,0.9629629629629629,0.9682539682539683
Wine,7,LogReg,0.9814814814814815,0.9814814814814815
Wine,7,Tree,0.9444444444444444,0.947089947089947
Wine,8,KNN,0.9444444444444444,0.9523809523809524
Wine,8,LogReg,0.9814814814814815,0.9841269841269842
Wine,8,Tree,0.7962962962962963,0.7957671957671959
Wine,9,KNN,0.9629629629629629,0.9682539682539683
Wine,9,LogReg,0.9629629629629629,0.9682539682539683
Wine,9,Tree,0.8888888888888888,0.8984126984126984
Wine,10,KNN,0.9629629629629629,0.9682539682539683
Wine,10,LogReg,0.9814814814814815,0.9814814814814815
Wine,10,Tree,0.9259259259259259,0.9275132275132275
Wine,11,KNN,0.9814814814814815,0.9841269841269842
Wine,11,LogReg,0.9629629629629629,0.9629629629629629
Wine,11,Tree,0.9444444444444444,0.9407407407407407
Wine,12,KNN,0.9814814814814815,0.9841269841269842
Wine,12,LogReg,1.0,1.0
Wine,12,Tree,0.9259259259259259,0.9275132275132275
Wine,13,KNN,0.9444444444444444,0.9523809523809524
Wine,13,LogReg,1.0,1.0
Wine,13,Tree,0.9259259259259259,0.9312169312169312
Wine,14,KNN,0.9629629629629629,0.9682539682539683
Wine,14,LogReg,0.9814814814814815,0.9814814814814815
Wine,14,Tree,0.8148148148148148,0.8227513227513228
Wine,15,KNN,1.0,1.0
Wine,15,LogReg,1.0,1.0
Wine,15,Tree,0.9444444444444444,0.9460317460317459
Wine,16,KNN,0.9629629629629629,0.9682539682539683
Wine,16,LogReg,1.0,1.0
Wine,16,Tree,0.9444444444444444,0.9497354497354498
Wine,17,KNN,0.9814814814814815,0.9841269841269842
Wine,17,LogReg,1.0,1.0
Wine,17,Tree,0.9814814814814815,0.9841269841269842
Wine,18,KNN,0.9444444444444444,0.9523809523809524
Wine,18,LogReg,0.9814814814814815,0.9841269841269842
Wine,18,Tree,0.8888888888888888,0.8857142857142858
Wine,19,KNN,0.9629629629629629,0.9682539682539683
Wine,19,LogReg,0.9814814814814815,0.9841269841269842
Wine,19,Tree,0.9444444444444444,0.9333333333333332
Wine,20,KNN,0.9444444444444444,0.9460317460317459
Wine,20,LogReg,0.9629629629629629,0.9619047619047619
Wine,20,Tree,0.8703703703703703,0.8735449735449735
Wine,21,KNN,0.9444444444444444,0.9523809523809524
Wine,21,LogReg,0.9444444444444444,0.9523809523809524
Wine,21,Tree,0.9259259259259259,0.9248677248677248
Wine,22,KNN,0.9629629629629629,0.9682539682539683
Wine,22,LogReg,0.9444444444444444,0.9460317460317459
Wine,22,Tree,0.9259259259259259,0.9312169312169312
Wine,23,KNN,0.9444444444444444,0.9523809523809524
Wine,23,LogReg,1.0,1.0
Wine,23,Tree,0.9074074074074074,0.908994708994709
Wine,24,KNN,0.9814814814814815,0.9841269841269842
Wine,24,LogReg,1.0,1.0
Wine,24,Tree,0.9259259259259259,0.9238095238095237
Wine,25,KNN,0.9259259259259259,0.9365079365079364
Wine,25,LogReg,0.9629629629629629,0.9682539682539683
Wine,25,Tree,0.8888888888888888,0.8931216931216932
Wine,26,KNN,0.9444444444444444,0.9523809523809524
Wine,26,LogReg,0.9444444444444444,0.9497354497354498
Wine,26,Tree,0.9074074074074074,0.9116402116402117
Wine,27,KNN,0.9814814814814815,0.9841269841269842
Wine,27,LogReg,0.9814814814814815,0.9841269841269842
Wine,27,Tree,0.9074074074074074,0.9052910052910054
Wine,28,KNN,0.9444444444444444,0.9523809523809524
Wine,28,LogReg,1.0,1.0
Wine,28,Tree,0.9259259259259259,0.9248677248677248
Wine,29,KNN,0.9629629629629629,0.9682539682539683
Wine,29,LogReg,0.9814814814814815,0.9841269841269842
Wine,29,Tree,0.8148148148148148,0.8190476190476191
Wine,30,KNN,1.0,1.0
Wine,30,LogReg,1.0,1.0
Wine,30,Tree,0.8703703703703703,0.8682539682539683
Wine,31,KNN,0.9629629629629629,0.9682539682539683
Wine,31,LogReg,0.9814814814814815,0.9841269841269842
Wine,31,Tree,0.9259259259259259,0.9312169312169312
Wine,32,KNN,0.9629629629629629,0.9682539682539683
Wine,32,LogReg,0.9814814814814815,0.9841269841269842
Wine,32,Tree,0.8703703703703703,0.8645502645502644
Wine,33,KNN,1.0,1.0
Wine,33,LogReg,1.0,1.0
Wine,33,Tree,0.9629629629629629,0.9656084656084656
Wine,34,KNN,0.9629629629629629,0.9682539682539683
Wine,34,LogReg,1.0,1.0
Wine,34,Tree,0.8518518518518519,0.8640211640211639
Wine,35,KNN,0.9814814814814815,0.9841269841269842
Wine,35,LogReg,1.0,1.0
Wine,35,Tree,0.8703703703703703,0.8544973544973544
Wine,36,KNN,0.9814814814814815,0.9841269841269842
Wine,36,LogReg,0.9629629629629629,0.9619047619047619
Wine,36,Tree,0.9444444444444444,0.9497354497354498
Wine,37,KNN,0.9814814814814815,0.9841269841269842
Wine,37,LogReg,0.9814814814814815,0.9841269841269842
Wine,37,Tree,0.9259259259259259,0.9275132275132275
Wine,38,KNN,0.9814814814814815,0.9841269841269842
Wine,38,LogReg,0.9629629629629629,0.9656084656084656
Wine,38,Tree,0.9259259259259259,0.9338624338624338
Wine,39,KNN,1.0,1.0
Wine,39,LogReg,1.0,1.0
Wine,39,Tree,0.8148148148148148,0.8132275132275132
Wine,40,KNN,0.9444444444444444,0.9523809523809524
Wine,40,LogReg,0.9814814814814815,0.9841269841269842
Wine,40,Tree,0.9814814814814815,0.9841269841269842
Wine,41,KNN,0.9814814814814815,0.9841269841269842
Wine,41,LogReg,1.0,1.0
Wine,41,Tree,0.8333333333333334,0.8391534391534391
Wine,42,KNN,0.9629629629629629,0.9682539682539683
Wine,42,LogReg,1.0,1.0
Wine,42,Tree,0.9629629629629629,0.9592592592592593
Wine,43,KNN,0.9074074074074074,0.9206349206349206
Wine,43,LogReg,0.9444444444444444,0.9523809523809524
Wine,43,Tree,0.8703703703703703,0.8735449735449735
Wine,44,KNN,0.9444444444444444,0.9460317460317459
Wine,44,LogReg,1.0,1.0
Wine,44,Tree,0.9074074074074074,0.9037037037037038
Wine,45,KNN,0.9629629629629629,0.9682539682539683
Wine,45,LogReg,0.9814814814814815,0.9841269841269842
Wine,45,Tree,0.8888888888888888,0.8920634920634921
Wine,46,KNN,0.9444444444444444,0.9523809523809524
Wine,46,LogReg,0.9814814814814815,0.9841269841269842
Wine,46,Tree,0.9629629629629629,0.9656084656084656
Wine,47,KNN,0.9629629629629629,0.9682539682539683
Wine,47,LogReg,1.0,1.0
Wine,47,Tree,0.9074074074074074,0.9052910052910054
Wine,48,KNN,0.9629629629629629,0.9619047619047619
Wine,48,LogReg,0.9814814814814815,0.9841269841269842
Wine,48,Tree,0.9444444444444444,0.9497354497354498
Wine,49,KNN,0.9629629629629629,0.9682539682539683
Wine,49,LogReg,0.9814814814814815,0.9841269841269842
Wine,49,Tree,0.8888888888888888,0.8920634920634921
